Comment,Designator,Footprint,LCSC Part #
1.5p,C1,Capacitor_SMD:C_0402_1005Metric,C1552
100n,"C2,C4",Capacitor_SMD:C_0402_1005Metric,C1525
10u,C3,Capacitor_SMD:C_0402_1005Metric,C15525
TPESD8LS5_0CT5G,D1,JLCImport:TPESD8L3_3CT5G,C2827551
XL-1608SURC-06FJ,"LED1,LED2,LED3,LED4,LED5,LED6,LED7,LED8,LED9,LED10,LED11,LED12,LED13,LED14,LED15,LED16,LED17,LED18,LED19,LED20",JLCImport:XL-1608SURC-06FJ,C7371900
XL-1608UYC-06FJ,LED22,JLCImport:XL-1608UYC-06FJ,C7371901
DMP21D0UFB4-P,Q1,JLCImport:DMP21D0UFB4-P,C2905648
100,"R1,R4,R5,R6,R7",Resistor_SMD:R_0402_1005Metric,C25076
100k,R2,Resistor_SMD:R_0402_1005Metric,C25741
2.2k,R3,Resistor_SMD:R_0402_1005Metric,C25879
220,R8,Resistor_SMD:R_0402_1005Metric,C25091
ATTINY816-MNR,U1,JLCImport:ATTINY816-MNR,C2052778
NT3H2111W0FHKH,U3,JLCImport:NT3H2111W0FHKH,C710403
