Designator,Mid X,Mid Y,Layer,Rotation
C1,117.490mm,-80.990mm,Top,180
C2,118.300mm,-84.840mm,Top,180
C3,125.106mm,-90.757mm,Top,180
C4,123.007mm,-94.703mm,Top,45
D1,125.091mm,-81.647mm,Top,180
LED1,118.251mm,-116.221mm,Top,0
LED2,129.520mm,-116.221mm,Top,0
LED3,186.306mm,-97.492mm,Top,0
LED4,186.306mm,-88.127mm,Top,0
LED5,141.110mm,-78.763mm,Top,0
LED6,129.812mm,-78.763mm,Top,0
LED7,118.251mm,-106.937mm,Top,0
LED8,118.251mm,-97.545mm,Top,0
LED9,140.863mm,-116.221mm,Top,0
LED10,152.205mm,-116.221mm,Top,0
LED11,186.306mm,-78.763mm,Top,0
LED12,175.007mm,-78.763mm,Top,0
LED13,118.251mm,-78.761mm,Top,0
LED14,118.251mm,-88.153mm,Top,0
LED15,163.548mm,-116.221mm,Top,0
LED16,174.890mm,-116.221mm,Top,0
LED17,163.708mm,-78.763mm,Top,0
LED18,152.409mm,-78.763mm,Top,0
LED19,186.306mm,-116.221mm,Top,0
LED20,186.306mm,-106.857mm,Top,0
LED22,125.207mm,-109.951mm,Top,-90
Q1,125.106mm,-91.987mm,Top,180
R1,122.956mm,-100.448mm,Top,-90
R2,126.956mm,-93.078mm,Top,-90
R3,125.106mm,-89.478mm,Top,0
R4,126.956mm,-100.448mm,Top,-90
R5,125.956mm,-100.448mm,Top,-90
R6,124.956mm,-100.448mm,Top,-90
R7,123.956mm,-100.448mm,Top,-90
R8,127.610mm,-97.790mm,Top,90
U1,124.856mm,-96.547mm,Top,-135
U3,118.300mm,-82.808mm,Top,0
