"Ref","Val","Package","PosX","PosY","Rot","Side"
"C1","1.5p","C_0402_1005Metric","117.490000","-80.990000","180.000000","top"
"C2","100n","C_0402_1005Metric","118.300063","-84.840000","180.000000","top"
"C3","10u","C_0402_1005Metric","125.106000","-90.757500","180.000000","top"
"C4","100n","C_0402_1005Metric","123.006750","-94.702500","45.000000","top"
"D1","TPESD8LS5_0CT5G","TPESD8L3_3CT5G","125.091134","-81.647500","180.000000","top"
"LED1","XL-1608SURC-06FJ","XL-1608SURC-06FJ","118.251000","-116.221166","0.000000","top"
"LED2","XL-1608SURC-06FJ","XL-1608SURC-06FJ","129.520453","-116.221166","0.000000","top"
"LED3","XL-1608SURC-06FJ","XL-1608SURC-06FJ","186.306000","-97.492055","0.000000","top"
"LED4","XL-1608SURC-06FJ","XL-1608SURC-06FJ","186.306000","-88.127500","0.000000","top"
"LED5","XL-1608SURC-06FJ","XL-1608SURC-06FJ","141.110453","-78.762944","0.000000","top"
"LED6","XL-1608SURC-06FJ","XL-1608SURC-06FJ","129.811566","-78.762944","0.000000","top"
"LED7","XL-1608SURC-06FJ","XL-1608SURC-06FJ","118.251000","-106.937333","0.000000","top"
"LED8","XL-1608SURC-06FJ","XL-1608SURC-06FJ","118.251000","-97.545277","0.000000","top"
"LED9","XL-1608SURC-06FJ","XL-1608SURC-06FJ","140.862953","-116.221166","0.000000","top"
"LED10","XL-1608SURC-06FJ","XL-1608SURC-06FJ","152.205453","-116.221166","0.000000","top"
"LED11","XL-1608SURC-06FJ","XL-1608SURC-06FJ","186.306000","-78.762944","0.000000","top"
"LED12","XL-1608SURC-06FJ","XL-1608SURC-06FJ","175.007113","-78.762944","0.000000","top"
"LED13","XL-1608SURC-06FJ","XL-1608SURC-06FJ","118.251000","-78.761166","0.000000","top"
"LED14","XL-1608SURC-06FJ","XL-1608SURC-06FJ","118.251000","-88.153222","0.000000","top"
"LED15","XL-1608SURC-06FJ","XL-1608SURC-06FJ","163.547953","-116.221166","0.000000","top"
"LED16","XL-1608SURC-06FJ","XL-1608SURC-06FJ","174.890453","-116.221166","0.000000","top"
"LED17","XL-1608SURC-06FJ","XL-1608SURC-06FJ","163.708226","-78.762944","0.000000","top"
"LED18","XL-1608SURC-06FJ","XL-1608SURC-06FJ","152.409340","-78.762944","0.000000","top"
"LED19","XL-1608SURC-06FJ","XL-1608SURC-06FJ","186.306000","-116.221166","0.000000","top"
"LED20","XL-1608SURC-06FJ","XL-1608SURC-06FJ","186.306000","-106.856611","0.000000","top"
"LED22","XL-1608UYC-06FJ","XL-1608UYC-06FJ","125.206571","-109.950535","-90.000000","top"
"Q1","DMP21D0UFB4-P","DMP21D0UFB4-P","125.106000","-91.987500","180.000000","top"
"R1","100","R_0402_1005Metric","122.956000","-100.447500","-90.000000","top"
"R2","100k","R_0402_1005Metric","126.956000","-93.077500","-90.000000","top"
"R3","2.2k","R_0402_1005Metric","125.106000","-89.477500","0.000000","top"
"R4","100","R_0402_1005Metric","126.956000","-100.447500","-90.000000","top"
"R5","100","R_0402_1005Metric","125.956000","-100.447500","-90.000000","top"
"R6","100","R_0402_1005Metric","124.956000","-100.447500","-90.000000","top"
"R7","100","R_0402_1005Metric","123.956000","-100.447500","-90.000000","top"
"R8","220","R_0402_1005Metric","127.610000","-97.790000","90.000000","top"
"U1","ATTINY816-MNR","ATTINY816-MNR","124.856000","-96.547500","-135.000000","top"
"U3","NT3H2111W0FHKH","NT3H2111W0FHKH","118.300063","-82.808374","0.000000","top"
